symbol,date,open,high,low,close,volume
BTCUSDT,2025-10-22,108297.66,109163.88,106708.18,107678.25,24868.49903
ETHUSDT,2025-10-22,3873.04,3889.27,3770.02,3779.91,512258.7705
BNBUSDT,2025-10-22,1057.16,1083.8,1053.57,1066.78,345928.47
BCCUSDT,2018-11-20,448.7,448.7,448.7,448.7,0.0
NEOUSDT,2025-10-22,5.085,5.168,4.977,4.991,789100.62
LTCUSDT,2025-10-22,92.45,94.97,90.93,93.19,475994.361
QTUMUSDT,2025-10-22,1.954,1.986,1.912,1.918,447428.1
ADAUSDT,2025-10-22,0.6428,0.6468,0.6221,0.6247,119983208.1
XRPUSDT,2025-10-22,2.4221,2.4375,2.355,2.3664,109103819.3
EOSUSDT,2025-05-26,0.766,0.7996,0.753,0.7799,2070665.9
TUSDUSDT,2025-10-22,0.9965,0.997,0.9964,0.9965,291787.0
IOTAUSDT,2025-10-22,0.1425,0.1447,0.1386,0.1393,11790883.0
XLMUSDT,2025-10-22,0.3141,0.3153,0.3069,0.3088,39854047.0
ONTUSDT,2025-10-22,0.0921,0.0942,0.0899,0.0906,6707925.0
TRXUSDT,2025-10-22,0.3216,0.3251,0.3175,0.3205,409636690.4
ETCUSDT,2025-10-22,15.69,15.79,15.25,15.42,514875.4
ICXUSDT,2025-10-22,0.0888,0.0896,0.086,0.0865,6478978.8
VENUSDT,2018-10-19,0.0001,0.0001,0.0001,0.0001,1224.0
NULSUSDT,2025-04-16,0.0253,0.0287,0.0227,0.0258,2419134.0
VETUSDT,2025-10-22,0.01719,0.01735,0.01673,0.01691,234554160.7
PAXUSDT,2021-09-06,0.9996,0.9996,0.9995,0.9996,979732.69
BCHABCUSDT,2019-11-28,219.2,221.72,218.94,220.08,4556.6373
BCHSVUSDT,2019-04-22,56.1,59.46,55.0,58.9,16876.02692
USDCUSDT,2025-10-22,0.9995,1.0,0.9993,0.9999,2748296591.0
LINKUSDT,2025-10-22,17.6,17.84,17.1,17.16,3727316.94
WAVESUSDT,2024-06-17,1.034,1.082,0.951,1.076,854905.34
BTTUSDT,2022-01-17,0.002677,0.002795,0.00266,0.002777,3702123193.0
USDSUSDT,2020-06-24,0.998,0.998,0.9963,0.9968,3817.02
ONGUSDT,2025-10-22,0.1163,0.1177,0.1115,0.1117,8218677.0
HOTUSDT,2025-10-22,0.000646,0.000675,0.000641,0.000647,1279899951.0
ZILUSDT,2025-10-22,0.00787,0.00798,0.00766,0.00768,171564680.1
ZRXUSDT,2025-10-22,0.1988,0.202,0.1943,0.1949,8889885.0
FETUSDT,2025-10-22,0.2439,0.2491,0.2333,0.2353,77454835.7
BATUSDT,2025-10-22,0.1749,0.1811,0.1708,0.174,13601390.0
XMRUSDT,2024-02-20,112.4,119.6,110.4,118.7,7079.917
ZECUSDT,2025-10-22,262.9,281.95,232.07,240.68,691720.515
IOSTUSDT,2025-10-22,0.002392,0.00241,0.002319,0.002327,254656704.0
CELRUSDT,2025-10-22,0.00555,0.00566,0.00543,0.00545,34304323.5
DASHUSDT,2025-10-22,45.2,47.59,42.46,42.46,317568.089
NANOUSDT,2022-01-24,2.217,2.259,2.148,2.224,156656.6
OMGUSDT,2024-06-17,0.383,0.385,0.37,0.383,1448729.9
THETAUSDT,2025-10-22,0.554,0.562,0.537,0.539,5315783.5
ENJUSDT,2025-10-22,0.04417,0.04479,0.04286,0.04302,12938592.6
MITHUSDT,2022-12-22,0.00371,0.00394,0.0032,0.00345,177837146.9
MATICUSDT,2024-09-10,0.3821,0.3826,0.3774,0.3794,4452579.6
ATOMUSDT,2025-10-22,3.188,3.226,3.109,3.118,1579839.82
TFUELUSDT,2025-10-22,0.02641,0.02695,0.02586,0.02639,8176650.0
ONEUSDT,2025-10-22,0.00644,0.00658,0.0063,0.00632,100145501.9
FTMUSDT,2025-01-13,0.6999,0.7111,0.69,0.6994,4035341.0
ALGOUSDT,2025-10-22,0.1811,0.1848,0.1774,0.179,24744602.0
USDSBUSDT,2019-09-27,0.9958,0.9997,0.9958,0.9997,29.89
GTOUSDT,2022-11-28,0.01278,0.01285,0.01223,0.01233,5728182.9
ERDUSDT,2020-08-31,0.019599,0.019897,0.019478,0.01971,26089811.0
DOGEUSDT,2025-10-22,0.19427,0.19544,0.18663,0.18972,1103861761.0
DUSKUSDT,2025-10-22,0.0477,0.0488,0.0457,0.0461,13889950.0
ANKRUSDT,2025-10-22,0.01028,0.01039,0.00997,0.01003,82550436.1
WINUSDT,2025-10-22,4.031e-05,4.045e-05,3.97e-05,3.971e-05,3643426041.0
COSUSDT,2025-10-22,0.002103,0.002132,0.002049,0.002057,182250972.1
NPXSUSDT,2021-04-05,0.0071335,0.0073499,0.007,0.0070301,2686146813.0
COCOSUSDT,2023-05-29,1.7638,1.7811,1.6448,1.7546,3345249.0
MTLUSDT,2025-10-22,0.504,0.511,0.494,0.497,477621.8
TOMOUSDT,2023-11-20,1.2718,1.39,1.2637,1.3819,1969098.8
PERLUSDT,2023-12-07,0.00583,0.00685,0.00453,0.0046,119638224.5
DENTUSDT,2025-10-22,0.00045,0.000462,0.000443,0.000444,1050557230.0
MFTUSDT,2023-01-03,0.005219,0.00527,0.005091,0.005254,44010023.0
KEYUSDT,2024-12-10,0.00135,0.001559,0.001053,0.001253,388130565.0
STORMUSDT,2020-06-08,0.003332,0.003425,0.003255,0.003397,76619584.0
DOCKUSDT,2024-07-22,0.00436,0.0049,0.00374,0.0039,209319808.0
WANUSDT,2025-10-22,0.0666,0.0721,0.0666,0.0691,20126961.0
FUNUSDT,2025-10-22,0.003952,0.004046,0.003796,0.003816,126869855.0
CVCUSDT,2025-10-22,0.0609,0.0615,0.0594,0.0596,3969115.0
CHZUSDT,2025-10-22,0.0319,0.03249,0.03144,0.03152,56689552.0
BANDUSDT,2025-10-22,0.529,0.544,0.522,0.522,1112494.5
BUSDUSDT,2023-12-15,1.0007,1.0013,1.0002,1.0003,2222384.0
BEAMUSDT,2023-01-26,0.0658,0.068,0.0615,0.0652,22088815.0
XTZUSDT,2025-10-22,0.5869,0.613,0.5789,0.581,4654145.4
RENUSDT,2024-12-10,0.04044,0.04346,0.03933,0.04274,8442680.0
RVNUSDT,2025-10-22,0.00969,0.00982,0.00953,0.00955,33103871.0
HCUSDT,2020-11-10,0.845,0.8705,0.8365,0.8423,87664.44
HBARUSDT,2025-10-22,0.17042,0.17234,0.16514,0.16616,128656969.0
NKNUSDT,2025-10-22,0.0193,0.02,0.0192,0.0193,15609097.0
STXUSDT,2025-10-22,0.4271,0.4343,0.417,0.4196,5829970.2
KAVAUSDT,2025-10-22,0.1434,0.1436,0.1349,0.1363,7143231.1
ARPAUSDT,2025-10-22,0.01896,0.0193,0.01854,0.01858,34886148.8
IOTXUSDT,2025-10-22,0.01108,0.01152,0.01107,0.01132,125655043.0
RLCUSDT,2025-10-22,0.86,0.873,0.836,0.841,634186.5
MCOUSDT,2020-10-23,2.826,2.831,2.682,2.744,43778.407
CTXCUSDT,2025-04-16,0.0612,0.0666,0.0597,0.0634,2302689.0
BCHUSDT,2025-10-22,480.8,486.0,466.9,471.9,28707.605
TROYUSDT,2025-04-16,0.00011,0.000124,6.1e-05,6.9e-05,4844237434.0
VITEUSDT,2025-02-24,0.00112,0.00115,0.0008,0.00086,189374682.7
FTTUSDT,2025-10-22,0.7804,0.7961,0.7623,0.7694,615322.01
EURUSDT,2025-10-22,1.1598,1.1621,1.1571,1.161,26212701.7
OGNUSDT,2025-10-22,0.0474,0.0477,0.046,0.0461,6324531.0
DREPUSDT,2024-04-03,0.0319,0.035,0.025,0.0256,18133277.0
BULLUSDT,2020-03-31,1359.0,1440.0,1308.08,1370.28,4847.12145
BEARUSDT,2020-03-31,11.56,11.6,10.86,11.16,742844.9646
ETHBULLUSDT,2020-03-31,78.85,82.58,75.39,79.18,34209.584004
ETHBEARUSDT,2020-03-31,12.43,12.9,11.92,12.2,508820.31032
TCTUSDT,2022-10-24,0.00335,0.00346,0.0031,0.00312,149493100.0
WRXUSDT,2024-12-25,0.0215,0.0237,0.0144,0.0173,64923274.5
BTSUSDT,2023-12-07,0.00522,0.00548,0.00512,0.0054,32395584.5
LSKUSDT,2025-10-22,0.215,0.219,0.209,0.21,1459092.0
BNTUSDT,2025-10-22,0.5859,0.5941,0.5774,0.5782,227020.5
LTOUSDT,2025-07-04,0.0036,0.004,0.0029,0.0038,73418137.0
EOSBULLUSDT,2020-03-31,4.01,4.12,3.8,3.85,197218.24659
EOSBEARUSDT,2020-03-31,29.33,30.76,28.34,30.21,16738.68639
XRPBULLUSDT,2020-03-31,8.63,8.97,8.5,8.74,60306.80733
XRPBEARUSDT,2020-03-31,561.54,566.23,537.98,548.55,926.76928
STRATUSDT,2020-11-12,0.5376,0.5636,0.4904,0.4904,595797.17
AIONUSDT,2023-02-27,0.0127,0.0128,0.00919,0.00943,217941837.0
MBLUSDT,2025-10-22,0.001495,0.001506,0.001455,0.001462,1483886498.0
COTIUSDT,2025-10-22,0.03331,0.03428,0.03314,0.0332,19128296.0
BNBBULLUSDT,2020-03-31,52.59,60.84,52.58,57.21,10196.74321
BNBBEARUSDT,2020-03-31,65.22,65.22,55.74,58.61,12353.24804
STPTUSDT,2025-05-19,0.06986,0.07455,0.06889,0.07042,4709231.2
WTCUSDT,2023-12-07,0.0251,0.0265,0.01,0.0103,40419050.0
DATAUSDT,2025-10-22,0.00829,0.00873,0.00819,0.00825,36606522.3
XZCUSDT,2021-01-25,4.347,4.481,4.284,4.446,44584.572
SOLUSDT,2025-10-22,185.62,187.45,177.07,179.46,3415450.251
CTSIUSDT,2025-10-22,0.0538,0.0548,0.0519,0.0521,8436915.0
HIVEUSDT,2025-10-22,0.1367,0.1382,0.1328,0.1338,4907086.0
CHRUSDT,2025-10-22,0.0728,0.0731,0.0687,0.0697,18725057.0
BTCUPUSDT,2024-02-28,16.514,16.8,15.0,16.6,11661.43
BTCDOWNUSDT,2024-02-28,0.0011902,0.001216,0.001165,0.001185,166869424.75
GXSUSDT,2022-04-25,1.823,1.9787,1.7775,1.7923,3703582.0
ARDRUSDT,2025-10-22,0.06686,0.06789,0.06568,0.0659,2000304.0
LENDUSDT,2020-10-12,0.50225,0.516,0.49596,0.51431,963892.3
MDTUSDT,2025-10-22,0.01808,0.01839,0.01745,0.0177,18473023.4
STMXUSDT,2025-02-24,0.004808,0.0061,0.004368,0.004565,309309333.0
KNCUSDT,2025-10-22,0.297,0.3097,0.2861,0.292,6405548.7
REPUSDT,2022-12-22,4.8,4.8,4.65,4.73,33622.82
LRCUSDT,2025-10-22,0.0682,0.069,0.0664,0.0667,10807753.0
PNTUSDT,2024-04-03,0.0294,0.035,0.0215,0.035,19240631.0
COMPUSDT,2025-10-22,36.47,37.08,35.59,35.97,54050.02
BKRWUSDT,2020-08-07,0.0008475,0.0008489,0.000845,0.0008453,3282633.0
SCUSDT,2025-10-22,0.002021,0.002061,0.001998,0.002009,126382812.0
ZENUSDT,2025-10-22,12.018,12.464,11.191,11.315,1878117.15
SNXUSDT,2025-10-22,1.472,1.524,1.315,1.317,12407015.3
ETHUPUSDT,2024-02-28,11.604,11.831,9.029,11.651,49406.17
ETHDOWNUSDT,2024-02-28,0.04611,0.0467,0.0452,0.0457,3278939.96
ADAUPUSDT,2023-08-16,0.107,0.108,0.104,0.104,751886.22
ADADOWNUSDT,2023-08-16,0.001926,0.001936,0.001899,0.001917,54402747.72
LINKUPUSDT,2023-04-06,0.00615,0.00615,0.00597,0.00608,12359618.44
LINKDOWNUSDT,2023-04-06,0.000887,0.000908,0.000887,0.000895,63523528.74
VTHOUSDT,2025-10-22,0.001228,0.001232,0.001184,0.001186,260768874.0
DGBUSDT,2025-10-22,0.00608,0.00631,0.00601,0.00605,103314989.9
GBPUSDT,2023-12-29,1.183,1.208,1.162,1.18,129156.9
SXPUSDT,2025-10-22,0.1207,0.1222,0.118,0.1188,2842710.2
MKRUSDT,2025-09-15,1797.6,1830.0,1780.6,1813.7,208.5194
DAIUSDT,2020-08-12,1.0176,1.0192,1.0154,1.0189,747400.22
DCRUSDT,2025-10-22,16.23,16.81,15.73,15.85,50794.609
STORJUSDT,2025-10-22,0.1874,0.1967,0.1748,0.1751,16106224.0
BNBUPUSDT,2024-02-28,61.03,63.0,54.19,61.8,1697.67
BNBDOWNUSDT,2024-02-28,0.002228,0.002239,0.002031,0.002151,22648776.93
XTZUPUSDT,2022-01-27,0.00295,0.00308,0.002476,0.002551,82642884.76
XTZDOWNUSDT,2022-01-27,2.348,2.68,2.258,2.6001,109834.64
MANAUSDT,2025-10-22,0.2322,0.2364,0.2267,0.228,10318574.0
AUDUSDT,2023-06-01,0.7606,0.786,0.72,0.7252,1100112.0
YFIUSDT,2025-10-22,4789.0,4822.0,4667.0,4694.0,293.14193
BALUSDT,2025-04-16,0.942,1.0,0.921,0.967,103678.32
BLZUSDT,2024-12-25,0.0562,0.065,0.0542,0.0582,50060194.0
IRISUSDT,2024-12-10,0.00696,0.00719,0.005,0.00521,118652016.0
KMDUSDT,2025-07-04,0.0165,0.0205,0.015,0.0163,8432348.0
JSTUSDT,2025-10-22,0.03326,0.03395,0.03303,0.03314,149022451.8
SRMUSDT,2022-11-28,0.25675,0.25768,0.23855,0.24442,991959.6
ANTUSDT,2024-02-20,7.45,7.475,7.162,7.407,32974.0
CRVUSDT,2025-10-22,0.5306,0.5403,0.5101,0.5215,30269901.7
SANDUSDT,2025-10-22,0.2073,0.2103,0.2016,0.2036,16464766.0
OCEANUSDT,2024-07-01,0.6138,0.6252,0.6033,0.6123,1427053.0
NMRUSDT,2025-10-22,12.87,13.01,12.32,12.38,67540.19
DOTUSDT,2025-10-22,3.005,3.028,2.92,2.931,5723208.95
LUNAUSDT,2025-10-22,0.0991,0.1034,0.0969,0.098,16837390.66
RSRUSDT,2025-10-22,0.005741,0.005825,0.005519,0.005543,572457791.5
PAXGUSDT,2025-10-22,4098.82,4167.79,4020.0,4097.96,22934.7938
WNXMUSDT,2024-06-17,76.24,76.95,68.34,73.26,4274.8
TRBUSDT,2025-10-22,24.83,25.19,24.0,24.14,156271.157
BZRXUSDT,2021-12-20,0.2083,0.2168,0.2054,0.2156,6903720.0
SUSHIUSDT,2025-10-22,0.529,0.5381,0.517,0.5184,6151062.7
YFIIUSDT,2023-08-22,432.5,437.8,432.3,435.5,200.7364
KSMUSDT,2025-10-22,10.51,10.88,10.45,10.54,154715.599
EGLDUSDT,2025-10-22,9.73,9.79,9.39,9.46,128880.17
DIAUSDT,2025-10-22,0.4173,0.4345,0.3971,0.4093,3542134.7
RUNEUSDT,2025-10-22,0.847,0.852,0.826,0.83,5828367.2
FIOUSDT,2025-10-22,0.01221,0.01281,0.0122,0.01238,44422698.0
UMAUSDT,2025-10-22,1.136,1.156,1.108,1.116,1253373.0
EOSUPUSDT,2021-12-23,0.2132,0.2162,0.2033,0.2113,1321048.02
EOSDOWNUSDT,2021-12-23,0.0003723,0.0003878,0.0003653,0.0003665,280541196.02
TRXUPUSDT,2022-11-29,0.03785,0.03876,0.0374,0.03854,68253.64
TRXDOWNUSDT,2022-11-29,1.164,1.174,1.136,1.139,18991.23
XRPUPUSDT,2023-05-12,0.092,0.0936,0.0855,0.0855,2573878.01
XRPDOWNUSDT,2023-05-12,8.084e-05,8.225e-05,8e-05,8.172e-05,1129628367.58
DOTUPUSDT,2022-11-29,0.0952,0.1,0.0942,0.096,460988.95
DOTDOWNUSDT,2022-11-29,17.034,17.366,16.5,16.737,4173.57
BELUSDT,2025-10-22,0.2194,0.2248,0.2118,0.214,9805963.3
WINGUSDT,2025-05-02,0.41,0.456,0.291,0.326,1854768.51
LTCUPUSDT,2022-01-27,0.51,0.5247,0.47,0.4801,213520.59
LTCDOWNUSDT,2022-01-27,2.1569,2.27,2.1219,2.2279,63162.22
UNIUSDT,2025-10-22,6.253,6.302,6.039,6.053,3339466.98
NBSUSDT,2022-10-24,0.00166,0.00185,0.00161,0.00166,573961989.2
OXTUSDT,2025-10-22,0.0401,0.0406,0.0392,0.0393,7680099.0
SUNUSDT,2025-10-22,0.02342,0.02368,0.02318,0.02329,94576000.0
AVAXUSDT,2025-10-22,19.54,19.71,18.84,18.97,2611117.92
HNTUSDT,2022-10-14,4.6,4.7,4.57,4.67,77258.1
FLMUSDT,2025-10-22,0.0212,0.0221,0.0207,0.0213,16532969.0
UNIUPUSDT,2021-12-23,0.972,1.11,0.917,1.055,384881.65
UNIDOWNUSDT,2021-12-23,2.4,2.518,2.105,2.172,140484.99
ORNUSDT,2024-10-15,1.032,1.06,1.022,1.053,248522.8
UTKUSDT,2025-10-22,0.01824,0.01871,0.01795,0.01837,21466191.0
XVSUSDT,2025-10-22,4.85,4.89,4.7,4.75,109963.66
ALPHAUSDT,2025-07-04,0.0107,0.0108,0.0092,0.0097,57626108.0
AAVEUSDT,2025-10-22,218.75,225.67,213.21,216.17,164767.468
NEARUSDT,2025-10-22,2.217,2.246,2.157,2.166,12022952.0
SXPUPUSDT,2021-11-25,0.17064,0.1783,0.1655,0.17426,1378105.9
SXPDOWNUSDT,2021-11-25,0.0917,0.0949,0.08692,0.0895,580460.99
FILUSDT,2025-10-22,1.561,1.576,1.494,1.519,7521284.42
FILUPUSDT,2022-01-04,0.155,0.1551,0.1507,0.1515,866507.53
FILDOWNUSDT,2022-01-04,0.000743,0.0007698,0.000743,0.0007666,64638837.47
YFIUPUSDT,2021-12-02,0.1191,0.1195,0.1153,0.1169,173999.66
YFIDOWNUSDT,2021-12-02,0.8985,0.9217,0.8948,0.9009,8920.21
INJUSDT,2025-10-22,8.44,8.5,8.15,8.28,907474.15
AUDIOUSDT,2025-10-22,0.0406,0.0416,0.0398,0.0399,9563224.6
CTKUSDT,2025-10-22,0.3617,0.3659,0.3309,0.335,2231931.0
BCHUPUSDT,2022-01-04,0.07466,0.0747,0.07213,0.0724,963071.15
BCHDOWNUSDT,2022-01-04,0.217,0.2254,0.2169,0.2247,696386.4
AKROUSDT,2024-12-25,0.001117,0.00116,0.000906,0.000981,307369919.0
AXSUSDT,2025-10-22,1.569,1.585,1.509,1.514,1627062.17
HARDUSDT,2025-04-16,0.0142,0.017,0.0088,0.0095,11643042.0
DNTUSDT,2022-10-24,0.0305,0.0475,0.0301,0.036,143600233.0
STRAXUSDT,2025-10-22,0.03159,0.0327,0.03112,0.0312,8518736.0
UNFIUSDT,2024-11-06,1.372,1.43,1.313,1.341,527960.7
ROSEUSDT,2025-10-22,0.01698,0.01728,0.0164,0.0165,98311095.4
AVAUSDT,2025-10-22,0.378,0.3832,0.3663,0.3688,1228567.4
XEMUSDT,2024-06-17,0.01612,0.0163,0.01484,0.01596,39583978.0
AAVEUPUSDT,2021-11-11,0.6072,0.6197,0.5857,0.6008,251829.34
AAVEDOWNUSDT,2021-11-11,0.004595,0.004799,0.004503,0.004673,16398588.96
SKLUSDT,2025-10-22,0.01858,0.01902,0.01812,0.01833,29065489.0
SUSDUSDT,2022-04-11,0.995,0.999,0.992,0.996,166812.0
SUSHIUPUSDT,2021-12-14,0.00462,0.00523,0.004368,0.004714,71653788.84
SUSHIDOWNUSDT,2021-12-14,38.748,41.0,34.9,37.37,11297.12
XLMUPUSDT,2021-12-14,0.02373,0.02458,0.02318,0.0243,4055006.0
XLMDOWNUSDT,2021-12-14,4.399,4.477,4.304,4.304,3747.62
GRTUSDT,2025-10-22,0.0634,0.06399,0.06126,0.06162,45370713.0
JUVUSDT,2025-10-22,0.875,0.933,0.856,0.869,2510267.03
PSGUSDT,2025-10-22,1.22,1.236,1.19,1.199,321201.08
1INCHUSDT,2025-10-22,0.1709,0.1734,0.167,0.1683,4638297.5
REEFUSDT,2024-08-26,0.000726,0.000731,0.000651,0.000688,1671056134.0
OGUSDT,2025-10-22,18.223,18.378,17.736,17.871,204966.2
ATMUSDT,2025-10-22,1.237,1.262,1.201,1.209,699645.38
ASRUSDT,2025-10-22,1.5,1.526,1.481,1.486,322773.3
CELOUSDT,2025-10-22,0.2372,0.2515,0.2318,0.2367,11136354.6
RIFUSDT,2025-10-22,0.0472,0.0477,0.0465,0.0465,4043091.0
BTCSTUSDT,2022-11-28,5.63,5.65,5.17,5.35,86533.2
TRUUSDT,2025-10-22,0.0188,0.019,0.0177,0.0177,79858547.0
CKBUSDT,2025-10-22,0.003289,0.003358,0.0032,0.003207,205340168.0
TWTUSDT,2025-10-22,1.2433,1.2726,1.2149,1.2157,4579660.0
FIROUSDT,2025-04-16,0.316,0.56,0.255,0.3,469825.8
LITUSDT,2025-02-10,0.694,0.755,0.656,0.743,1531906.4
SFPUSDT,2025-10-22,0.3766,0.3857,0.3735,0.3753,1404977.0
DODOUSDT,2025-10-22,0.0322,0.0329,0.0314,0.0316,15608452.1
CAKEUSDT,2025-10-22,2.7,2.826,2.67,2.699,11115826.16
ACMUSDT,2025-10-22,0.692,0.714,0.658,0.658,1692311.6
BADGERUSDT,2025-04-16,0.798,0.8,0.74,0.762,133847.46
FISUSDT,2025-10-22,0.0696,0.0708,0.0687,0.0692,7905264.0
OMUSDT,2025-10-22,0.1168,0.1183,0.1119,0.1137,21142294.1
PONDUSDT,2025-10-22,0.00587,0.00594,0.00574,0.00576,54443350.0
DEGOUSDT,2025-10-22,1.556,1.75,1.556,1.641,2993984.8
ALICEUSDT,2025-10-22,0.3224,0.3316,0.3173,0.3184,6686724.63
LINAUSDT,2025-03-28,0.000333,0.000347,0.000316,0.000337,506367904.0
PERPUSDT,2025-10-22,0.2198,0.2271,0.217,0.2204,1317823.46
RAMPUSDT,2022-07-04,0.0503,0.0549,0.0502,0.0524,15637030.0
SUPERUSDT,2025-10-22,0.385,0.3917,0.3739,0.376,3189288.0
CFXUSDT,2025-10-22,0.1092,0.1103,0.1064,0.1066,30598559.0
EPSUSDT,2022-05-09,0.182,0.1918,0.1671,0.1679,13665860.0
AUTOUSDT,2023-04-18,102.5,103.8,95.1,95.3,4281.543
TKOUSDT,2025-10-22,0.132,0.1329,0.1274,0.1283,2127689.2
PUNDIXUSDT,2025-10-22,0.3547,0.3706,0.3394,0.3418,6611526.0
TLMUSDT,2025-10-22,0.00346,0.00351,0.00334,0.00337,151193161.0
1INCHUPUSDT,2021-12-02,0.07058,0.07061,0.063919,0.065703,1893109.01
1INCHDOWNUSDT,2021-12-02,0.005852,0.006221,0.005827,0.006148,25790796.42
BTGUSDT,2022-10-24,18.75,19.43,17.59,17.65,53537.48
MIRUSDT,2022-12-27,0.14834,0.15401,0.14116,0.14168,3857439.9
BARUSDT,2025-10-22,0.792,0.801,0.77,0.77,504548.22
FORTHUSDT,2025-10-22,2.161,2.182,2.111,2.117,152550.32
BAKEUSDT,2025-09-17,0.0501,0.0555,0.0456,0.0519,51194747.3
BURGERUSDT,2025-03-28,0.0262,0.0265,0.0166,0.0172,16672604.4
SLPUSDT,2025-10-22,0.001189,0.001213,0.001153,0.001159,756472858.0
SHIBUSDT,2025-10-22,1.005e-05,1.01e-05,9.75e-06,9.84e-06,1168871901302.0
ICPUSDT,2025-10-22,3.045,3.074,2.953,2.966,3081862.71
ARUSDT,2025-10-22,3.89,4.0,3.8,3.82,1124437.66
POLSUSDT,2024-07-22,0.3085,0.3153,0.3066,0.3079,219939.0
MDXUSDT,2024-07-22,0.02929,0.0383,0.025,0.0345,41269612.4
MASKUSDT,2025-10-22,0.847,0.856,0.825,0.827,1115169.9
LPTUSDT,2025-10-22,4.944,4.999,4.778,4.845,373505.73
NUUSDT,2022-02-16,0.5466,0.5588,0.5407,0.5436,1052153.0
XVGUSDT,2025-10-22,0.005681,0.005999,0.005435,0.005505,467448398.0
ATAUSDT,2025-10-22,0.0298,0.0302,0.0289,0.0289,8253758.0
GTCUSDT,2025-10-22,0.21,0.214,0.2,0.201,2080293.5
TORNUSDT,2022-12-27,4.15,4.39,4.0,4.06,50527.52
KEEPUSDT,2022-02-16,0.6224,0.67,0.6162,0.6251,5445440.0
ERNUSDT,2025-03-10,2.055,2.21,2.049,2.183,294452.2
KLAYUSDT,2024-10-30,0.1255,0.1255,0.1255,0.1255,0.0
PHAUSDT,2025-10-22,0.0591,0.0601,0.0578,0.058,7888760.0
BONDUSDT,2024-07-22,1.793,2.17,1.743,2.152,1447110.17
MLNUSDT,2025-10-22,8.68,9.03,8.22,8.58,1154053.215
DEXEUSDT,2025-10-22,6.575,6.716,6.421,6.664,170998.13
C98USDT,2025-10-22,0.0373,0.0381,0.0359,0.0362,23522400.2
CLVUSDT,2025-02-24,0.0305,0.03187,0.02062,0.02937,28255141.6
QNTUSDT,2025-10-22,81.8,82.16,80.08,80.41,17212.528
FLOWUSDT,2025-10-22,0.269,0.275,0.264,0.269,1818005.38
TVKUSDT,2023-11-27,0.05249,0.05468,0.0518,0.05405,27971346.0
MINAUSDT,2025-10-22,0.1048,0.1061,0.1014,0.1017,17098932.2
RAYUSDT,2025-10-22,1.769,1.804,1.681,1.688,2221514.5
FARMUSDT,2025-10-22,22.24,22.75,21.4,21.46,81715.12
ALPACAUSDT,2025-05-02,0.2892,0.3943,0.214,0.2244,23130359.7
QUICKUSDT,2025-10-22,0.01843,0.01893,0.01821,0.01835,21491568.0
MBOXUSDT,2025-10-22,0.0479,0.0488,0.0468,0.047,10656231.1
FORUSDT,2024-08-26,0.00376,0.00385,0.003,0.00306,137019355.0
REQUSDT,2025-10-22,0.1255,0.1267,0.1237,0.1237,1334509.0
GHSTUSDT,2025-10-22,0.297,0.302,0.287,0.293,700175.6
WAXPUSDT,2025-10-22,0.01312,0.01346,0.013,0.01304,28169160.0
TRIBEUSDT,2022-11-28,0.2016,0.203,0.1983,0.2018,123942.0
GNOUSDT,2025-10-22,125.15,125.65,122.54,123.11,3718.078
XECUSDT,2025-10-22,1.432e-05,1.453e-05,1.399e-05,1.403e-05,41313309569.0
ELFUSDT,2025-04-16,0.2116,0.2374,0.2098,0.2272,1723425.7
DYDXUSDT,2025-10-22,0.329,0.3354,0.3152,0.3162,9331282.73
POLYUSDT,2022-10-10,0.2625,0.273,0.2604,0.2696,6536327.2
IDEXUSDT,2025-10-22,0.01891,0.01938,0.01869,0.01875,11986770.3
VIDTUSDT,2025-04-16,0.00156,0.00158,0.00105,0.00115,162556670.0
USDPUSDT,2025-10-22,0.9996,1.0001,0.9995,0.9995,156107.0
GALAUSDT,2025-10-22,0.01091,0.011,0.01051,0.01055,635029858.0
ILVUSDT,2025-10-22,11.07,11.15,10.69,10.77,80558.941
YGGUSDT,2025-10-22,0.1398,0.1414,0.1345,0.1353,18678552.0
SYSUSDT,2025-10-22,0.02879,0.02924,0.0278,0.028,12880875.0
DFUSDT,2025-10-22,0.01896,0.01952,0.01882,0.01893,25595050.0
FIDAUSDT,2025-10-22,0.0575,0.0588,0.0561,0.0563,14901109.9
FRONTUSDT,2024-08-27,0.837,0.888,0.836,0.88,825187.7
CVPUSDT,2024-08-26,0.0511,0.0538,0.0328,0.0339,18520019.9
AGLDUSDT,2025-10-22,0.414,0.417,0.395,0.398,2031503.5
RADUSDT,2025-10-22,0.506,0.542,0.499,0.503,2906377.6
BETAUSDT,2025-04-16,0.00074,0.00074,0.00031,0.00036,270706254.0
RAREUSDT,2025-10-22,0.0359,0.0366,0.0348,0.0351,29547814.5
LAZIOUSDT,2025-10-22,0.855,0.874,0.844,0.844,304819.73
CHESSUSDT,2025-10-22,0.04591,0.04664,0.04475,0.04512,9146597.8
ADXUSDT,2025-10-22,0.0933,0.095,0.09,0.0901,25365846.0
AUCTIONUSDT,2025-10-22,7.76,8.9,7.32,7.69,1782359.61
DARUSDT,2025-01-06,0.21489,0.21873,0.20721,0.21707,9993220.0
BNXUSDT,2025-03-18,1.9865,2.12,1.71,1.7819,6792413.4
RGTUSDT,2022-03-14,14.31,14.52,14.25,14.44,3230.59
MOVRUSDT,2025-10-22,3.749,3.797,3.654,3.67,167135.814
CITYUSDT,2025-10-22,0.764,0.768,0.744,0.747,497246.85
ENSUSDT,2025-10-22,15.25,15.45,14.88,14.97,335320.62
KP3RUSDT,2024-11-06,16.6,17.26,16.14,16.48,7935.72
QIUSDT,2025-10-22,0.00531,0.00545,0.00527,0.00529,53709433.0
PORTOUSDT,2025-10-22,1.003,1.024,0.985,0.987,223063.93
POWRUSDT,2025-10-22,0.1165,0.1177,0.1134,0.1139,1839555.0
VGXUSDT,2024-08-26,0.0178,0.0189,0.0164,0.018,37634406.4
JASMYUSDT,2025-10-22,0.00995,0.01019,0.0096,0.00987,367138520.5
AMPUSDT,2025-10-22,0.002363,0.00249,0.002356,0.002376,306940786.0
PLAUSDT,2024-02-26,0.2262,0.238,0.2223,0.2347,3231600.16
PYRUSDT,2025-10-22,0.67,0.684,0.644,0.652,699526.018
RNDRUSDT,2024-07-22,7.181,7.189,6.811,7.03,790670.45
ALCXUSDT,2025-10-22,8.01,8.39,7.57,7.59,73403.3798
SANTOSUSDT,2025-10-22,1.365,1.384,1.332,1.335,495454.36
MCUSDT,2023-11-07,0.4883,0.5055,0.4719,0.4861,1764469.19
ANYUSDT,2022-03-30,12.4,12.47,12.07,12.3,61319.93
BICOUSDT,2025-10-22,0.0639,0.0648,0.0623,0.0625,4292332.9
FLUXUSDT,2025-10-22,0.1222,0.1246,0.1184,0.12,3962713.06
FXSUSDT,2025-10-22,1.375,1.418,1.36,1.367,770349.3
VOXELUSDT,2025-10-22,0.0378,0.0395,0.0374,0.0386,16755814.2
HIGHUSDT,2025-10-22,0.315,0.318,0.304,0.305,1468973.01
CVXUSDT,2025-10-22,2.315,2.322,2.206,2.22,530055.222
PEOPLEUSDT,2025-10-22,0.01214,0.01232,0.01178,0.01186,254484655.9
OOKIUSDT,2024-11-06,0.000156,0.000163,0.000116,0.000119,7343592075.0
SPELLUSDT,2025-10-22,0.0003415,0.0003498,0.0003383,0.0003402,1173437665.0
USTUSDT,2022-05-13,0.3636,0.389998,0.240002,0.245779,120489341.0
JOEUSDT,2025-10-22,0.1129,0.1151,0.1101,0.1108,2883056.97
ACHUSDT,2025-10-22,0.01291,0.01313,0.01253,0.01267,156936932.0
IMXUSDT,2025-10-22,0.508,0.541,0.498,0.502,7007188.3
GLMRUSDT,2025-10-22,0.0404,0.0406,0.0382,0.0387,14357283.2
LOKAUSDT,2025-07-28,0.1182,0.13,0.1159,0.1237,7279008.4
SCRTUSDT,2025-10-22,0.1572,0.161,0.1522,0.1527,2935065.2
API3USDT,2025-10-22,0.6974,0.73,0.6692,0.6713,2190965.12
BTTCUSDT,2025-10-22,5e-07,5.1e-07,4.9e-07,4.9e-07,886934544761.0
ACAUSDT,2025-10-22,0.0184,0.021,0.018,0.0181,104172761.37
ANCUSDT,2022-12-27,0.03217,0.03245,0.03101,0.03151,7917672.4
XNOUSDT,2025-10-22,0.676,0.688,0.659,0.66,312231.93
WOOUSDT,2025-10-22,0.0413,0.0418,0.0399,0.04,23086247.1
ALPINEUSDT,2025-10-22,0.825,0.838,0.804,0.806,2351592.03
TUSDT,2025-10-22,0.0125,0.01316,0.01229,0.01234,108899976.5
ASTRUSDT,2025-10-22,0.01754,0.01776,0.017,0.01704,55694412.5
NBTUSDT,2023-09-08,0.00254,0.00257,0.00252,0.00252,468273.0
GMTUSDT,2025-10-22,0.0272,0.02747,0.02621,0.02631,114182025.3
KDAUSDT,2025-10-22,0.0928,0.0952,0.0561,0.0754,516678472.38
APEUSDT,2025-10-22,0.3949,0.4018,0.3816,0.3922,11667494.15
BSWUSDT,2025-07-04,0.0132,0.0133,0.0083,0.0112,65448938.3
BIFIUSDT,2025-10-22,140.1,143.0,138.3,139.4,645.246
MULTIUSDT,2024-02-20,0.954,0.96,0.803,0.834,831726.309
STEEMUSDT,2025-10-22,0.0915,0.0925,0.0899,0.0899,3965621.9
MOBUSDT,2024-04-03,0.0706,0.0732,0.0615,0.0623,14620321.39
NEXOUSDT,2025-10-22,1.148,1.159,1.124,1.134,738414.97
REIUSDT,2025-10-22,0.01177,0.01213,0.01164,0.01174,16765996.7
GALUSDT,2024-07-15,2.541,2.6,2.495,2.542,332243.971
LDOUSDT,2025-10-22,0.9005,0.9059,0.8641,0.8677,14506693.17
EPXUSDT,2024-08-26,2.52e-05,2.86e-05,1.7e-05,1.94e-05,26841134578.0
OPUSDT,2025-10-22,0.4333,0.4384,0.4188,0.421,26590960.9
LEVERUSDT,2025-07-04,0.000208,0.000214,0.000162,0.000175,1966072655.0
STGUSDT,2025-10-22,0.1583,0.1625,0.1566,0.158,7153327.2
LUNCUSDT,2025-10-22,4.472e-05,4.85e-05,4.359e-05,4.38e-05,155711011317.73
GMXUSDT,2025-10-22,10.13,10.33,9.94,9.96,44484.121
NEBLUSDT,2023-04-18,0.403,0.415,0.352,0.355,1414670.2
POLYXUSDT,2025-10-22,0.0849,0.0863,0.0827,0.083,6719009.0
APTUSDT,2025-10-22,3.222,3.418,3.179,3.204,7633063.5
OSMOUSDT,2025-10-22,0.1162,0.1187,0.1122,0.1133,2939185.38
HFTUSDT,2025-10-22,0.0484,0.0496,0.0472,0.0479,30588098.3
PHBUSDT,2025-10-22,0.511,0.528,0.499,0.509,2289664.2
HOOKUSDT,2025-10-22,0.0656,0.0667,0.0633,0.0636,15565077.9
MAGICUSDT,2025-10-22,0.1392,0.1411,0.1287,0.1341,17506577.8
HIFIUSDT,2025-09-17,0.1222,0.1393,0.1109,0.127,17826477.1
RPLUSDT,2025-10-22,3.35,3.4,3.23,3.25,210268.73
PROSUSDT,2025-04-16,0.0521,0.061,0.035,0.0372,12584692.0
AGIXUSDT,2024-07-01,0.6169,0.6248,0.6014,0.6141,3616737.0
GNSUSDT,2025-10-22,1.384,1.435,1.366,1.386,229821.88
SYNUSDT,2025-10-22,0.0771,0.0787,0.0751,0.0756,10305158.9
VIBUSDT,2025-05-02,0.00451,0.0085,0.0018,0.00223,240384640.0
SSVUSDT,2025-10-22,5.432,5.555,5.315,5.336,300726.987
LQTYUSDT,2025-10-22,0.524,0.526,0.5,0.501,1243920.6
AMBUSDT,2025-02-24,0.00038,0.00041,0.00026,0.00032,1265288960.0
BETHUSDT,2023-10-11,1564.88,1574.49,1540.53,1556.27,158.2271
USTCUSDT,2025-10-22,0.00795,0.00843,0.00789,0.00791,170388605.0
GASUSDT,2025-10-22,2.528,2.565,2.478,2.484,150234.1
GLMUSDT,2025-10-22,0.1778,0.1801,0.1717,0.1734,3752654.1
PROMUSDT,2025-10-22,9.801,10.033,9.742,9.871,179362.98
QKCUSDT,2025-10-22,0.005267,0.00542,0.005151,0.005184,46825016.0
UFTUSDT,2025-04-16,0.0094,0.0108,0.0086,0.0089,4486909.0
IDUSDT,2025-10-22,0.1115,0.1118,0.107,0.1076,11114487.0
ARBUSDT,2025-10-22,0.3109,0.3129,0.3014,0.303,66532388.3
LOOMUSDT,2024-08-26,0.0489,0.05,0.04795,0.04831,3806345.0
OAXUSDT,2024-12-10,0.047,0.0489,0.0356,0.0358,6144089.0
RDNTUSDT,2025-10-22,0.01733,0.01764,0.01653,0.01676,73755377.0
WBTCUSDT,2025-10-22,108311.64,109097.28,106636.83,107766.46,77.14455
EDUUSDT,2025-10-22,0.175,0.195,0.1734,0.1867,40478561.0
SUIUSDT,2025-10-22,2.4888,2.5011,2.3474,2.4186,47525000.5
AERGOUSDT,2025-03-28,0.065,0.066,0.0621,0.0635,1380289.0
PEPEUSDT,2025-10-22,6.91e-06,6.97e-06,6.66e-06,6.72e-06,7951229320244.0
FLOKIUSDT,2025-10-22,7.349e-05,7.43e-05,7.052e-05,7.085e-05,264221059765.0
ASTUSDT,2025-03-28,0.0279,0.0291,0.0258,0.0261,4236683.0
SNTUSDT,2025-04-16,0.02206,0.034,0.02121,0.0272,41296807.0
COMBOUSDT,2025-03-28,0.032,0.039,0.0263,0.0276,15562596.8
MAVUSDT,2025-10-22,0.03789,0.0388,0.03698,0.03726,21717572.0
PENDLEUSDT,2025-10-22,3.118,3.156,3.027,3.032,2463565.3
ARKMUSDT,2025-10-22,0.354,0.358,0.34,0.343,18446565.4
WBETHUSDT,2025-10-22,4175.03,4198.95,4075.0,4088.59,706.8807
WLDUSDT,2025-10-22,0.887,0.897,0.842,0.846,35700201.0
FDUSDUSDT,2025-10-22,0.9975,0.9976,0.9973,0.9975,377380417.0
SEIUSDT,2025-10-22,0.1917,0.193,0.1841,0.1846,91163518.7
CYBERUSDT,2025-10-22,1.068,1.075,1.033,1.044,901714.66
ARKUSDT,2025-10-22,0.3217,0.3263,0.3128,0.3131,1493934.0
CREAMUSDT,2025-04-16,1.14,2.25,1.05,2.1,244215.696
GFTUSDT,2024-12-03,0.0029,0.00518,0.0019,0.00196,1906210941.0
IQUSDT,2025-10-22,0.002333,0.002519,0.002303,0.002314,253859777.0
NTRNUSDT,2025-10-22,0.0505,0.0512,0.0487,0.0488,9500148.9
TIAUSDT,2025-10-22,1.002,1.016,0.96,0.965,10927677.24
MEMEUSDT,2025-10-22,0.001638,0.001668,0.001593,0.001599,2201979812.0
ORDIUSDT,2025-10-22,5.109,5.143,4.889,4.978,940553.53
BEAMXUSDT,2025-10-22,0.005096,0.00534,0.004925,0.004954,588584882.0
PIVXUSDT,2025-10-22,0.1683,0.174,0.1648,0.1674,2152839.0
VICUSDT,2025-10-22,0.1523,0.1612,0.1452,0.1455,9628751.66
BLURUSDT,2025-10-22,0.05149,0.05229,0.04992,0.05008,20963903.1
VANRYUSDT,2025-10-22,0.0164,0.0167,0.0159,0.0161,57479406.0
AEURUSDT,2025-10-22,1.0333,1.25,1.0329,1.158,741647.0
JTOUSDT,2025-10-22,1.072,1.096,1.041,1.049,3123714.1
1000SATSUSDT,2025-10-22,2.345e-05,2.393e-05,2.278e-05,2.29e-05,102672824606.0
BONKUSDT,2025-10-22,1.437e-05,1.455e-05,1.388e-05,1.394e-05,1370011788390.0
ACEUSDT,2025-10-22,0.29,0.299,0.285,0.285,1205981.6
NFPUSDT,2025-10-22,0.0405,0.0421,0.0402,0.0404,17054212.0
AIUSDT,2025-10-22,0.0736,0.0764,0.0717,0.073,14139591.0
XAIUSDT,2025-10-22,0.0261,0.0267,0.0254,0.0256,43378729.1
MANTAUSDT,2025-10-22,0.1125,0.1141,0.1092,0.1093,11377471.3
ALTUSDT,2025-10-22,0.01894,0.01924,0.01843,0.01851,76805813.0
JUPUSDT,2025-10-22,0.3489,0.3599,0.3426,0.3447,8772770.4
PYTHUSDT,2025-10-22,0.1109,0.1141,0.1077,0.1092,41004673.8
RONINUSDT,2025-10-22,0.371,0.3753,0.3627,0.3639,2189656.44
DYMUSDT,2025-10-22,0.1098,0.1112,0.106,0.1072,4130992.5
PIXELUSDT,2025-10-22,0.01719,0.01749,0.01667,0.01675,80757437.8
STRKUSDT,2025-10-22,0.1199,0.1207,0.116,0.1164,30647118.98
PORTALUSDT,2025-10-22,0.0264,0.0269,0.0252,0.0253,41222959.6
PDAUSDT,2025-05-02,0.01033,0.0118,0.0085,0.00977,40299406.9
AXLUSDT,2025-10-22,0.1969,0.1994,0.1843,0.1855,10338375.86
WIFUSDT,2025-10-22,0.526,0.533,0.488,0.493,49102103.78
METISUSDT,2025-10-22,9.52,9.76,9.18,9.19,99061.309
AEVOUSDT,2025-10-22,0.0637,0.0648,0.0616,0.0617,29770757.1
BOMEUSDT,2025-10-22,0.001057,0.001065,0.001018,0.001029,2566331390.0
ETHFIUSDT,2025-10-22,1.005,1.027,0.964,0.968,14125525.7
ENAUSDT,2025-10-22,0.4544,0.4755,0.4183,0.4303,214188194.16
WUSDT,2025-10-22,0.0728,0.0743,0.0701,0.0703,51067598.9
TNSRUSDT,2025-10-22,0.0635,0.0643,0.0611,0.0616,12973541.8
SAGAUSDT,2025-10-22,0.1147,0.1156,0.1106,0.1114,17758436.6
TAOUSDT,2025-10-22,382.0,400.8,377.1,383.4,156439.2228
OMNIUSDT,2025-09-29,4.07,4.17,3.82,3.88,287395.14
REZUSDT,2025-10-22,0.01066,0.01092,0.01013,0.01067,300061948.9
BBUSDT,2025-10-22,0.1212,0.125,0.1182,0.119,33670236.1
NOTUSDT,2025-10-22,0.000798,0.000824,0.000791,0.000806,2186058279.0
IOUSDT,2025-10-22,0.333,0.342,0.321,0.322,10003437.56
ZKUSDT,2025-10-22,0.03472,0.035,0.03287,0.03301,116605851.8
LISTAUSDT,2025-10-22,0.2878,0.2921,0.2747,0.2786,7645966.7
ZROUSDT,2025-10-22,1.661,1.744,1.643,1.66,2046149.93
GUSDT,2025-10-22,0.00737,0.00747,0.00724,0.00726,42390979.0
BANANAUSDT,2025-10-22,12.18,12.29,11.67,11.7,105742.63
RENDERUSDT,2025-10-22,2.47,2.509,2.397,2.41,2255419.11
TONUSDT,2025-10-22,2.139,2.159,2.114,2.118,4793624.58
DOGSUSDT,2025-10-22,6.11e-05,6.33e-05,5.53e-05,5.82e-05,110405326046.0
EURIUSDT,2025-10-22,1.1595,1.1619,1.1568,1.1609,967917.4
SLFUSDT,2025-09-17,0.0289,0.0312,0.0156,0.0208,87488277.7
POLUSDT,2025-10-22,0.1938,0.1959,0.1894,0.1899,33356948.4
NEIROUSDT,2025-10-22,0.0001865,0.00018996,0.00017816,0.00017874,50030569474.0
TURBOUSDT,2025-10-22,0.00241,0.002419,0.002294,0.002294,842957417.0
1MBABYDOGEUSDT,2025-10-22,0.0009977,0.0010275,0.0009791,0.0009912,2853926765.0
CATIUSDT,2025-10-22,0.0704,0.075,0.0692,0.0713,26570658.4
HMSTRUSDT,2025-10-22,0.000414,0.000418,0.000401,0.000402,1217647994.0
EIGENUSDT,2025-10-22,1.08,1.104,1.04,1.044,11465255.36
SCRUSDT,2025-10-22,0.162,0.166,0.158,0.159,4650185.6
BNSOLUSDT,2025-10-22,199.7,201.7,190.9,193.8,4922.811
LUMIAUSDT,2025-10-22,0.142,0.147,0.14,0.142,4254593.25
KAIAUSDT,2025-10-22,0.1057,0.1075,0.1036,0.1044,19840204.1
COWUSDT,2025-10-22,0.2278,0.2295,0.2175,0.2191,4469070.6
CETUSUSDT,2025-10-22,0.0472,0.0478,0.0461,0.0462,20668569.9
PNUTUSDT,2025-10-22,0.1344,0.1366,0.1299,0.1309,41614728.8
ACTUSDT,2025-10-22,0.0215,0.022,0.0209,0.021,110761886.1
USUALUSDT,2025-10-22,0.0314,0.0317,0.0303,0.0303,46309186.3
THEUSDT,2025-10-22,0.2558,0.2602,0.2458,0.2465,5684973.8
ACXUSDT,2025-10-22,0.0785,0.0804,0.077,0.0774,7160415.6
ORCAUSDT,2025-10-22,1.417,1.43,1.376,1.384,516190.24
MOVEUSDT,2025-10-22,0.0744,0.0754,0.0715,0.072,14434640.6
MEUSDT,2025-10-22,0.434,0.438,0.423,0.424,574383.87
VELODROMEUSDT,2025-10-22,0.0328,0.0332,0.0317,0.0317,13275576.9
VANAUSDT,2025-10-22,2.619,2.666,2.523,2.536,452095.98
1000CATUSDT,2025-10-22,0.0054,0.00549,0.00526,0.00528,105064495.0
PENGUUSDT,2025-10-22,0.021288,0.021467,0.020388,0.020404,1416086887.0
BIOUSDT,2025-10-22,0.0893,0.0895,0.0833,0.0835,121150338.0
DUSDT,2025-10-22,0.02279,0.02333,0.02233,0.02244,13263444.0
AIXBTUSDT,2025-10-22,0.0567,0.0572,0.0526,0.0528,50711153.1
CGPTUSDT,2025-10-22,0.0554,0.0561,0.0534,0.0537,9578466.7
COOKIEUSDT,2025-10-22,0.0832,0.0849,0.0806,0.0811,8881242.6
SUSDT,2025-10-22,0.1652,0.1697,0.1615,0.1622,59276968.6
SOLVUSDT,2025-10-22,0.01628,0.01708,0.01618,0.01638,101531194.0
TRUMPUSDT,2025-10-22,5.87,5.904,5.694,5.719,3209053.722
ANIMEUSDT,2025-10-22,0.00942,0.00952,0.00904,0.00906,166818802.9
BERAUSDT,2025-10-22,1.916,2.025,1.89,1.954,3030152.818
1000CHEEMSUSDT,2025-10-22,0.001433,0.001439,0.001372,0.001395,942011398.0
TSTUSDT,2025-10-22,0.02002,0.02043,0.01964,0.01983,70233288.2
LAYERUSDT,2025-10-22,0.2824,0.2853,0.2725,0.2734,3224004.21
HEIUSDT,2025-10-22,0.2447,0.2537,0.2327,0.2482,7201642.7
KAITOUSDT,2025-10-22,1.031,1.0414,1.0062,1.0092,2384434.7
SHELLUSDT,2025-10-22,0.088,0.0904,0.0869,0.0873,18100025.6
REDUSDT,2025-10-22,0.3456,0.3484,0.3309,0.3328,3253200.6
GPSUSDT,2025-10-22,0.00857,0.00865,0.00824,0.00834,70001195.1
EPICUSDT,2025-10-22,0.871,0.914,0.862,0.873,982465.0
BMTUSDT,2025-10-22,0.0392,0.0409,0.0388,0.039,32303124.7
FORMUSDT,2025-10-22,0.7313,0.7625,0.7018,0.7041,19823740.9
XUSDUSDT,2025-10-22,0.9996,1.0023,0.9993,0.9998,20602071.0
NILUSDT,2025-10-22,0.2798,0.3407,0.2791,0.3276,29431298.5
PARTIUSDT,2025-10-22,0.084,0.085,0.0814,0.0816,12605714.5
MUBARAKUSDT,2025-10-22,0.02321,0.02378,0.02274,0.02291,94589311.2
TUTUSDT,2025-10-22,0.02335,0.02389,0.02258,0.02269,195261639.0
BROCCOLI714USDT,2025-10-22,0.02343,0.02446,0.02283,0.0231,106720472.0
BANANAS31USDT,2025-10-22,0.003177,0.003259,0.003139,0.003158,237404631.0
GUNUSDT,2025-10-22,0.01938,0.01991,0.01869,0.01872,29746020.0
BABYUSDT,2025-10-22,0.0319,0.03237,0.03098,0.03111,31485040.0
ONDOUSDT,2025-10-22,0.7239,0.7302,0.7026,0.7045,17014985.5
BIGTIMEUSDT,2025-10-22,0.03241,0.03309,0.03158,0.03168,20527506.0
VIRTUALUSDT,2025-10-22,0.7744,0.7834,0.7335,0.7374,8162238.3
KERNELUSDT,2025-10-22,0.1694,0.173,0.164,0.1651,15994000.5
WCTUSDT,2025-10-22,0.167,0.1696,0.1619,0.1623,29941155.5
HYPERUSDT,2025-10-22,0.1953,0.2039,0.1829,0.184,20727279.3
INITUSDT,2025-10-22,0.1676,0.1716,0.1638,0.1644,15908855.1
SIGNUSDT,2025-10-22,0.04257,0.04411,0.03883,0.03895,121197935.0
STOUSDT,2025-10-22,0.1777,0.1814,0.1658,0.1665,13870542.1
SYRUPUSDT,2025-10-22,0.3555,0.3576,0.3437,0.3457,17267521.5
KMNOUSDT,2025-10-22,0.06065,0.06211,0.0585,0.05879,39893186.0
SXTUSDT,2025-10-22,0.0565,0.0569,0.0544,0.0546,14472687.5
NXPCUSDT,2025-10-22,0.3431,0.3464,0.3334,0.3342,2833525.8
AWEUSDT,2025-10-22,0.07324,0.07455,0.07089,0.07135,7593254.0
HAEDALUSDT,2025-10-22,0.092,0.0931,0.088,0.0883,7583575.2
USD1USDT,2025-10-22,0.9997,0.9998,0.9997,0.9998,4391498.0
HUMAUSDT,2025-10-22,0.02734,0.02832,0.02685,0.02702,114374590.0
AUSDT,2025-10-22,0.2828,0.2866,0.2761,0.2774,13526904.9
SOPHUSDT,2025-10-22,0.02638,0.02954,0.02488,0.02713,234532186.0
RESOLVUSDT,2025-10-22,0.0572,0.0578,0.0548,0.0551,23786094.8
HOMEUSDT,2025-10-22,0.0258,0.02604,0.02436,0.02471,67386629.0
SPKUSDT,2025-10-22,0.038029,0.03825,0.0355,0.03558,138691988.0
NEWTUSDT,2025-10-22,0.1468,0.1491,0.1431,0.1431,4878873.5
SAHARAUSDT,2025-10-22,0.07404,0.07639,0.07351,0.07395,25716174.0
LAUSDT,2025-10-22,0.4255,0.4436,0.3944,0.4268,9668983.9
ERAUSDT,2025-10-22,0.3737,0.3855,0.3386,0.341,4471511.2
CUSDT,2025-10-22,0.106,0.1159,0.1044,0.1074,21280761.4
TREEUSDT,2025-10-22,0.17,0.1748,0.1601,0.1605,16333008.9
A2ZUSDT,2025-10-22,0.003846,0.003958,0.003807,0.003877,99212521.0
TOWNSUSDT,2025-10-22,0.01105,0.0128,0.01074,0.01102,241034551.0
PROVEUSDT,2025-10-22,0.8153,0.8586,0.7654,0.7678,7900123.1
BFUSDUSDT,2025-10-22,0.9997,0.9997,0.9982,0.9991,13950547.0
PLUMEUSDT,2025-10-22,0.07196,0.07471,0.07052,0.07163,72915352.0
DOLOUSDT,2025-10-22,0.0803,0.0823,0.0781,0.0783,15059673.0
MITOUSDT,2025-10-22,0.11242,0.1149,0.10858,0.10868,6465101.3
WLFIUSDT,2025-10-22,0.126,0.1292,0.1223,0.1242,193273895.7
SOMIUSDT,2025-10-22,0.4911,0.5042,0.4676,0.4865,16814955.6
OPENUSDT,2025-10-22,0.3762,0.4091,0.3546,0.3567,22959858.0
USDEUSDT,2025-10-22,0.9992,0.9993,0.9991,0.9992,131973217.0
LINEAUSDT,2025-10-22,0.0159,0.01618,0.01484,0.01544,573454389.0
HOLOUSDT,2025-10-22,0.1411,0.1488,0.1365,0.1366,32440795.0
PUMPUSDT,2025-10-22,0.003698,0.003828,0.003527,0.003557,14336752459.0
AVNTUSDT,2025-10-22,0.6,0.722,0.5971,0.6213,69454799.9
ZKCUSDT,2025-10-22,0.2237,0.2315,0.2123,0.2149,34733810.1
SKYUSDT,2025-10-22,0.05805,0.05984,0.05715,0.05841,64845809.0
BARDUSDT,2025-10-22,0.6323,0.6667,0.6204,0.64,6997651.1
0GUSDT,2025-10-22,1.897,1.954,1.78,1.813,3663933.09
HEMIUSDT,2025-10-22,0.0559,0.0601,0.0538,0.0565,125157881.3
XPLUSDT,2025-10-22,0.3981,0.3981,0.3653,0.3715,218599723.9
MIRAUSDT,2025-10-22,0.3134,0.3153,0.2932,0.2935,19664620.3
FFUSDT,2025-10-22,0.15973,0.16635,0.14469,0.14485,200354850.7
EDENUSDT,2025-10-22,0.1368,0.1477,0.1353,0.1377,43781567.5
NOMUSDT,2025-10-22,0.02244,0.0226,0.01993,0.02002,118296324.0
2ZUSDT,2025-10-22,0.25828,0.26279,0.2324,0.23291,72484922.0
MORPHOUSDT,2025-10-22,1.853,1.862,1.788,1.821,2361968.33
ASTERUSDT,2025-10-22,1.042,1.063,0.951,0.957,180251842.07
WALUSDT,2025-10-22,0.2361,0.2438,0.2239,0.2325,2344618313.9
EULUSDT,2025-10-22,7.474,7.755,7.272,7.512,933669.18
ENSOUSDT,2025-10-22,1.592,1.62,1.462,1.48,4356654.48
YBUSDT,2025-10-22,0.372,0.4207,0.3566,0.4026,38750350.4
ZBTUSDT,2025-10-22,0.2852,0.2878,0.2507,0.2527,41879083.7
TURTLEUSDT,2025-10-22,0.15,0.4555,0.15,0.2034,262392678.6
